id,email,nama_depan,nama_belakang,role,password,ktp
1,abyan@gmail.com,Muhammad Abyan,Daryansyah,admin,abyan106,1616
2,atsiila@gmail.com,Atsiila Kaysa,Asyraf,admin,atsiila69,6969
3,irenia@gmail.com,Irenia Maisa,Kamila,admin,irenia67,6767
4,najah@gmail.com,Najahah,Patin,admin,patin9,55
5,dzaky@gmail.com,Dzaky Hafidz,Naufal,admin,jaki,9471
6,beli,beli,beli,user,beli,1014142
7,tes,tes,tes,vendor,tes,tes
